Segment,Customers,Avg_Recency,Avg_Frequency,Avg_Monetary,Total_Revenue,Customer_%,Revenue_%
Champions,1121,13.0,10.05,5225.51,5857798.93,25.84,65.91
Loyal Customers,329,48.97,5.72,2455.25,807776.94,7.58,9.09
Potential Loyalists,492,29.31,2.33,1164.78,573070.58,11.34,6.45
Cannot Lose Them,285,134.79,4.89,1590.72,453355.7,6.57,5.1
At Risk,376,162.66,2.3,985.52,370556.74,8.67,4.17
Lost,667,277.63,1.06,475.05,316857.22,15.38,3.57
About to Sleep,407,116.78,1.16,508.47,206946.06,9.38,2.33
Promising,351,52.5,1.16,451.87,158607.28,8.09,1.78
New Customers,310,18.1,1.25,458.84,142239.44,7.15,1.6
